{
  "timestamp": "2025-09-12T22:52:13.671302",
  "coverage": {
    "total_coverage": 90.35301278149726,
    "module_coverage": {
      "setup_repo.__init__": 57.142857142857146,
      "setup_repo.ci_environment": 100.0,
      "setup_repo.ci_error_handler": 92.81045751633987,
      "setup_repo.cli": 87.73584905660377,
      "setup_repo.compatibility": 100.0,
      "setup_repo.config": 97.82608695652173,
      "setup_repo.git_operations": 100.0,
      "setup_repo.github_api": 98.33333333333333,
      "setup_repo.gitignore_manager": 96.2406015037594,
      "setup_repo.interactive_setup": 95.81881533101046,
      "setup_repo.logging_config": 84.49612403100775,
      "setup_repo.logging_handlers": 100.0,
      "setup_repo.migration_checkpoint": 90.76923076923077,
      "setup_repo.platform_detector": 64.8936170212766,
      "setup_repo.project_detector": 91.11111111111111,
      "setup_repothon_env": 95.83333333333333,
      "setup_repo.quality_collectors": 91.61290322580645,
      "setup_repo.quality_errors": 100.0,
      "setup_repo.quality_formatters": 85.26315789473684,
      "setup_repo.quality_logger": 89.53488372093024,
      "setup_repo.quality_metrics": 92.6829268292683,
      "setup_repo.quality_trends": 95.45454545454545,
      "setup_repo.safety_check": 100.0,
      "setup_repo.setup": 100.0,
      "setup_repo.setup_validators": 89.07563025210084,
      "setup_repo.sync": 88.8,
      "setup_repo.utils": 82.99595141700405,
      "setup_repo.uv_installer": 100.0,
      "setup_repo.vscode_setup": 100.0
    },
    "missing_lines": {
      "setup_repo.__init__": [
        10,
        12,
        14
      ],
      "setup_repo.ci_environment": [],
      "setup_repo.ci_error_handler": [
        161,
        166,
        199,
        269,
        271,
        272,
        273,
        274,
        290,
        301,
        302
      ],
      "setup_repo.cli": [
        51,
        52,
        59,
        60,
        61,
        62,
        105,
        106,
        113,
        114,
        115,
        116,
        130
      ],
      "setup_repo.compatibility": [],
      "setup_repo.config": [
        78
      ],
      "setup_repo.git_operations": [],
      "setup_repo.github_api": [
        43,
        136
      ],
      "setup_repo.gitignore_manager": [
        42,
        43,
        54,
        90,
        91
      ],
      "setup_repo.interactive_setup": [
        240,
        243,
        244,
        307,
        308,
        338,
        339,
        376,
        377,
        444,
        447,
        453
      ],
      "setup_repo.logging_config": [
        80,
        82,
        84,
        85,
        86,
        87,
        94,
        96,
        229,
        232,
        239,
        240,
        257,
        258,
        262,
        263,
        268,
        275,
        279,
        282
      ],
      "setup_repo.logging_handlers": [],
      "setup_repo.migration_checkpoint": [
        46,
        48,
        50,
        51,
        52,
        58,
        134,
        204,
        222,
        223,
        255,
        256
      ],
      "setup_repo.platform_detector": [
        36,
        38,
        57,
        58,
        59,
        60,
        61,
        62,
        63,
        72,
        73,
        96,
        108,
        121,
        166,
        189,
        227,
        228,
        231,
        232,
        234,
        235,
        236,
        238,
        239,
        240,
        242,
        245,
        246,
        247,
        249,
        252,
        253,
        259,
        260,
        261,
        262,
        264,
        269,
        270,
        272,
        273,
        274,
        276,
        279,
        280,
        281,
        284,
        285,
        287,
        292,
        293,
        295,
        296,
        297,
        299,
        302,
        303,
        304,
        305,
        307,
        309,
        314,
        315,
        317,
        320,
        321,
        322,
        323,
        324,
        325,
        326,
        392,
        460,
        474,
        475,
        476,
        500,
        503,
        508,
        509,
        515,
        516,
        517,
        518,
        523,
        524,
        525,
        529,
        535,
        544,
        557,
        559,
        564,
        571,
        582,
        588,
        621,
        632
      ],
      "setup_repo.project_detector": [
        102,
        111,
        117,
        118
      ],
      "setup_repothon_env": [
        52,
        53
      ],
      "setup_repo.quality_collectors": [
        64,
        65,
        180,
        181,
        193,
        212,
        213,
        219,
        220,
        241,
        242,
        248,
        249
      ],
      "setup_repo.quality_errors": [],
      "setup_repo.quality_formatters": [
        35,
        36,
        37,
        39,
        40,
        41,
        42,
        43,
        51,
        52,
        82,
        83,
        103,
        119
      ],
      "setup_repo.quality_logger": [
        104,
        201,
        202,
        204,
        205,
        207,
        208,
        209,
        210,
        211,
        278,
        279,
        292,
        293,
        306,
        307,
        308,
        320
      ],
      "setup_repo.quality_metrics": [
        220,
        221,
        223,
        224,
        247,
        248,
        250,
        251,
        268,
        288,
        316,
        326
      ],
      "setup_repo.quality_trends": [
        80,
        81,
        82,
        98,
        99,
        213,
        244
      ],
      "setup_repo.safety_check": [],
      "setup_repo.setup": [],
      "setup_repo.setup_validators": [
        72,
        73,
        94,
        95,
        108,
        109,
        203,
        204,
        221,
        222,
        248,
        293,
        294
      ],
      "setup_repo.sync": [
        76,
        77,
        78,
        81,
        82,
        148,
        149,
        150,
        151,
        152,
        153,
        154,
        155,
        156
      ],
      "setup_repo.utils": [
        20,
        21,
        26,
        44,
        46,
        52,
        137,
        138,
        151,
        169,
        170,
        171,
        173,
        175,
        176,
        177,
        178,
        179,
        180,
        184,
        185,
        187,
        188,
        189,
        190,
        191,
        242,
        259,
        273,
        274,
        275,
        277,
        347,
        348,
        359,
        363,
        368,
        375,
        392,
        393,
        431,
        443
      ],
      "setup_repo.uv_installer": [],
      "setup_repo.vscode_setup": []
    },
    "timestamp": "2025-09-12T22:52:13.671225"
  },
  "requirements_check": {
    "passed": true,
    "warnings": [
      "モジュール 'setup_repo.__init__' のカバレッジが目標を下回っています: 57.14% < 60.0%"
    ],
    "targets": {
      "total_target": 80.0,
      "module_target": 60.0,
      "critical_module_target": 80.0,
      "critical_modules": [
        "setup_repo.cli",
        "setup_repo.config",
        "setup_repo.setup",
        "setup_repo.sync",
        "setup_repo.git_operations",
        "setup_repo.github_api"
      ]
    }
  },
  "summary": {
    "total_modules": 29,
    "modules_above_target": 28,
    "critical_modules_above_target": 6
  }
}
